[
  {
    "model": "academico.ciclo",
    "pk": 1,
    "fields": {
      "codigo": "2011-1",
      "fecha_inicio": "2011-01-01",
      "fecha_fin": "2011-06-30"
    }
  },
  {
    "model": "academico.ciclo",
    "pk": 2,
    "fields": {
      "codigo": "2011-2",
      "fecha_inicio": "2011-07-01",
      "fecha_fin": "2011-12-31"
    }
  },
  {
    "model": "academico.corte",
    "pk": 1,
    "fields": {
      "ciclo": 1,
      "codigo": "2011-1-1",
      "porcentaje": 30,
      "fecha_inicio": "2011-01-01",
      "fecha_fin": "2011-02-28"
    }
  },
  {
    "model": "academico.corte",
    "pk": 2,
    "fields": {
      "ciclo": 1,
      "codigo": "2011-1-2",
      "porcentaje": 30,
      "fecha_inicio": "2011-03-01",
      "fecha_fin": "2011-04-30"
    }
  },
  {
    "model": "academico.corte",
    "pk": 3,
    "fields": {
      "ciclo": 1,
      "codigo": "2011-1-3",
      "porcentaje": 40,
      "fecha_inicio": "2011-05-01",
      "fecha_fin": "2011-06-30"
    }
  },
  {
    "model": "academico.corte",
    "pk": 4,
    "fields": {
      "ciclo": 2,
      "codigo": "2011-2-1",
      "porcentaje": 30,
      "fecha_inicio": "2011-07-01",
      "fecha_fin": "2011-08-31"
    }
  },
  {
    "model": "academico.corte",
    "pk": 5,
    "fields": {
      "ciclo": 2,
      "codigo": "2011-2-2",
      "porcentaje": 30,
      "fecha_inicio": "2011-09-01",
      "fecha_fin": "2011-10-31"
    }
  },
  {
    "model": "academico.corte",
    "pk": 6,
    "fields": {
      "ciclo": 2,
      "codigo": "2011-2-3",
      "porcentaje": 40,
      "fecha_inicio": "2011-11-01",
      "fecha_fin": "2011-12-31"
    }
  },
  {
    "model": "academico.programa",
    "pk": 1,
    "fields": {
      "codigo": "101",
      "nombre": "Administración Ambiental"
    }
  },
  {
    "model": "academico.programa",
    "pk": 2,
    "fields": {
      "codigo": "102",
      "nombre": "Administración Bancaria"
    }
  },
  {
    "model": "academico.programa",
    "pk": 3,
    "fields": {
      "codigo": "103",
      "nombre": "Administración Financiera y Auditoría"
    }
  },
  {
    "model": "academico.programa",
    "pk": 4,
    "fields": {
      "codigo": "104",
      "nombre": "Administración Pública y Gobierno"
    }
  },
  {
    "model": "academico.programa",
    "pk": 5,
    "fields": {
      "codigo": "105",
      "nombre": "Administración Tributaría y Gestión Pública"
    }
  },
  {
    "model": "academico.programa",
    "pk": 6,
    "fields": {
      "codigo": "106",
      "nombre": "Comercio Exterior"
    }
  },
  {
    "model": "academico.programa",
    "pk": 7,
    "fields": {
      "codigo": "107",
      "nombre": "Contabilidad Sistematizada"
    }
  },
  {
    "model": "academico.programa",
    "pk": 8,
    "fields": {
      "codigo": "108",
      "nombre": "Diseño de Envases, Embalajes, Gestión de Marcas y Logística en Comercio Exterior"
    }
  },
  {
    "model": "academico.programa",
    "pk": 9,
    "fields": {
      "codigo": "109",
      "nombre": "Gerencia Financiera y de Seguros"
    }
  },
  {
    "model": "academico.programa",
    "pk": 10,
    "fields": {
      "codigo": "110 ",
      "nombre": "Hotelería y Turismo"
    }
  },
  {
    "model": "academico.programa",
    "pk": 11,
    "fields": {
      "codigo": "111",
      "nombre": "Ingeniería de Negocios y Ubicación Sectorial"
    }
  },
  {
    "model": "academico.programa",
    "pk": 12,
    "fields": {
      "codigo": "112",
      "nombre": "Secretariado Contable Sistematizado"
    }
  },
  {
    "model": "academico.programa",
    "pk": 13,
    "fields": {
      "codigo": "113",
      "nombre": "Secretariado Ejecutivo Bilingüe y Secretario Contable Sistematizado"
    }
  },
  {
    "model": "academico.programa",
    "pk": 14,
    "fields": {
      "codigo": "201",
      "nombre": "Diseño y Obras Civiles"
    }
  },
  {
    "model": "academico.programa",
    "pk": 15,
    "fields": {
      "codigo": "202",
      "nombre": "Electricidad, Electrónica y Telecomunicaciones"
    }
  },
  {
    "model": "academico.programa",
    "pk": 16,
    "fields": {
      "codigo": "203",
      "nombre": "Ingeniería de Sistemas"
    }
  },
  {
    "model": "academico.programa",
    "pk": 17,
    "fields": {
      "codigo": "204",
      "nombre": "Seguridad Industrial para la Industria Petrolera"
    }
  },
  {
    "model": "academico.programa",
    "pk": 18,
    "fields": {
      "codigo": "205",
      "nombre": "Seminario Taller de Electrónica Práctica"
    }
  },
  {
    "model": "academico.programa",
    "pk": 19,
    "fields": {
      "codigo": "206",
      "nombre": "Sistemas, Redes y Circuitos Eléctricos"
    }
  },
  {
    "model": "academico.programa",
    "pk": 20,
    "fields": {
      "codigo": "301",
      "nombre": "Comunicación Social y Extensión Periodistica"
    }
  },
  {
    "model": "academico.programa",
    "pk": 21,
    "fields": {
      "codigo": "302",
      "nombre": "Gestión y Trabajo Social"
    }
  },
  {
    "model": "academico.programa",
    "pk": 22,
    "fields": {
      "codigo": "303",
      "nombre": "Pedagogía y Psicología Infantil"
    }
  },
  {
    "model": "academico.programa",
    "pk": 23,
    "fields": {
      "codigo": "401",
      "nombre": "Diseño Gráfico y Dibujo"
    }
  },
  {
    "model": "academico.competencia",
    "pk": 1,
    "fields": {
      "programa": "1",
      "codigo": "10111",
      "sufijo": "11",
      "nombre": "Cálculo Diferencial",
      "periodo": 1
    }
  },
  {
    "model": "academico.competencia",
    "pk": 2,
    "fields": {
      "programa": "1",
      "codigo": "10112",
      "sufijo": "12",
      "nombre": "Administración General",
      "periodo": 1
    }
  },
  {
    "model": "academico.competencia",
    "pk": 3,
    "fields": {
      "programa": "1",
      "codigo": "10113",
      "sufijo": "13",
      "nombre": "Introducción a la Administración Ambiental",
      "periodo": 1
    }
  },
  {
    "model": "academico.competencia",
    "pk": 4,
    "fields": {
      "programa": "1",
      "sufijo": "14",
      "codigo": "10114",
      "nombre": "Física",
      "periodo": 1
    }
  },
  {
    "model": "academico.competencia",
    "pk": 5,
    "fields": {
      "programa": "1",
      "codigo": "10115",
      "sufijo": "15",
      "nombre": "Introducción a la Química",
      "periodo": 1
    }
  },
  {
    "model": "academico.competencia",
    "pk": 6,
    "fields": {
      "programa": "1",
      "codigo": "10116",
      "sufijo": "16",
      "nombre": "Cátedra Institucional",
      "periodo": 1
    }
  },
  {
    "model": "academico.competencia",
    "pk": 7,
    "fields": {
      "programa": "1",
      "codigo": "10121",
      "sufijo": "21",
      "nombre": "Cálculo Integral",
      "periodo": 2
    }
  },
  {
    "model": "academico.competencia",
    "pk": 8,
    "fields": {
      "programa": "1",
      "codigo": "10122",
      "sufijo": "22",
      "nombre": "Contabilidad",
      "periodo": 2
    }
  },
  {
    "model": "academico.competencia",
    "pk": 9,
    "fields": {
      "programa": "1",
      "sufijo": "23",
      "codigo": "10123",
      "nombre": "Ecología",
      "periodo": 2
    }
  },
  {
    "model": "academico.competencia",
    "pk": 10,
    "fields": {
      "programa": "1",
      "codigo": "10124",
      "sufijo": "24",
      "nombre": "Química Ambiental",
      "periodo": 2
    }
  },
  {
    "model": "academico.competencia",
    "pk": 11,
    "fields": {
      "programa": "1",
      "codigo": "10125",
      "sufijo": "25",
      "nombre": "Sociedad y Ambiente",
      "periodo": 2
    }
  },
  {
    "model": "academico.competencia",
    "pk": 12,
    "fields": {
      "programa": "1",
      "codigo": "10126",
      "sufijo": "26",
      "nombre": "Técnicas de Expresión Oral y Escrita",
      "periodo": 2
    }
  },
  {
    "model": "academico.profesor",
    "pk": 1,
    "fields": {
      "nombre1": "Javier",
      "apellido1": "Enciso",
      "documento": "80097702"
    }
  },
  {
    "model": "academico.profesor",
    "pk": 2,
    "fields": {
      "nombre1": "Roger",
      "apellido1": "Herrera",
      "documento": "86079213"
    }
  },
  {
    "model": "academico.profesor",
    "pk": 3,
    "fields": {
      "nombre1": "Edwar",
      "apellido1": "Carranza",
      "documento": "86088352"
    }
  },
  {
    "model": "academico.curso",
    "pk": 1,
    "fields": {
      "competencia": 1,
      "grupo": 1,
      "profesor": 1,
      "ciclo": 1
    }
  },
  {
    "model": "academico.curso",
    "pk": 2,
    "fields": {
      "competencia": 2,
      "grupo": 1,
      "profesor": 2,
      "ciclo": 1
    }
  },
  {
    "model": "academico.curso",
    "pk": 3,
    "fields": {
      "competencia": 3,
      "grupo": 1,
      "profesor": 3,
      "ciclo": 1
    }
  },
    {
    "model": "academico.curso",
    "pk": 4,
    "fields": {
      "competencia": 4,
      "grupo": 1,
      "profesor": 1,
      "ciclo": 1
    }
  },
  {
    "model": "academico.curso",
    "pk": 5,
    "fields": {
      "competencia": 5,
      "grupo": 1,
      "profesor": 2,
      "ciclo": 1
    }
  },
  {
    "model": "academico.curso",
    "pk": 6,
    "fields": {
      "competencia": 6,
      "grupo": 1,
      "profesor": 3,
      "ciclo": 1
    }
  },
  {
    "model": "academico.curso",
    "pk": 7,
    "fields": {
      "competencia": 7,
      "grupo": 1,
      "profesor": 1,
      "ciclo": 1
    }
  },
  {
    "model": "academico.curso",
    "pk": 8,
    "fields": {
      "competencia": 8,
      "grupo": 1,
      "profesor": 2,
      "ciclo": 1
    }
  },
  {
    "model": "academico.curso",
    "pk": 9,
    "fields": {
      "competencia": 9,
      "grupo": 1,
      "profesor": 3,
      "ciclo": 1
    }
  },
    {
    "model": "academico.curso",
    "pk": 10,
    "fields": {
      "competencia": 10,
      "grupo": 1,
      "profesor": 1,
      "ciclo": 1
    }
  },
  {
    "model": "academico.curso",
    "pk": 11,
    "fields": {
      "competencia": 11,
      "grupo": 1,
      "profesor": 2,
      "ciclo": 1
    }
  },
  {
    "model": "academico.curso",
    "pk": 12,
    "fields": {
      "competencia": 12,
      "grupo": 1,
      "profesor": 3,
      "ciclo": 1
    }
  }
]